URL,Final Title Tag,Final Meta Description,Primary Keywords,Secondary Keywords
/elearning-services,Comprehensive eLearning Services company  in Bangalore | Swift Solution,"Explore our full suite of eLearning services—custom courses, microlearning, video training, ILT conversion, webinars, games, localization, rapid development—to build effective training experiences.","eLearning services, custom eLearning, microlearning","Video training, ILT conversion, game-based learning, translation, rapid e-learning"
,,,,
,,,,
/elearning-solutions,"eLearning Solutions for Onboarding, Compliance & Sales | Swift Solution","Discover Swift Solution’s tailored eLearning solutions for onboarding, compliance training, sales enablement, LMS implementation and instructional design to transform workforce performance.","eLearning solutions, onboarding training, compliance training, sales enablement","LMS implementation services, instructional design, corporate training solutions"
/elearning-consultancy,E-Learning Consultancy Services & LMS Strategy | Swift Solution,"Our experts provide LMS implementation, strategy and learning technology consulting to help you select, optimize and manage platforms like Moodle for effective e-learning programs.","e-learning consultancy, LMS implementation, learning technology consulting","LMS strategy, moodle implementation services, corporate training consultancy"
/elearning-services/ai-powered-solutions,AI-Powered eLearning Solutions| Swift Solution,"Partner with Bangalore’s leading AI-powered eLearning company that n delivers AI-native custom eLearning and training solutions with agentic workflows for faster, accurate content and measurable impact.","AI native eLearning, custom training solutions","elearning company India, AI-powered learning"
/elearning-services/custom-elearning,"Custom eLearning Development & Design Services,Bengaluru | Swift Solution","Bespoke modules built to your KPIs—microlearning, scenario-based, video, gamification—validated by AI for accuracy and for higher engagement and faster completion.","custom eLearning development, , elearning solutions,Bangalore,India","bespoke training, elearning design services"
/elearning-services/micro-learning,Microlearning Solutions: Bite-Size Training Modules | Swift Solution,"Deliver just-in-time learning with mobile-friendly microlearning modules—AI-curated for retention, engagement and measurable results.","microlearning solutions, byte sized modules, Bengaluru,India","mobile learning, micro modules, just-in-time learning, retention improvement"
/elearning-services/video-based-training,Video-Based Training Solutions | Swift Solution,"Engage learners with interactive videos, animation and scenario-based storytelling—AI-assisted scripting and multi-language voiceovers.","elearning Video Solutions, Video based training","corporate video learning, interactive training videos, multilingual training, compliance videos"
/elearning-services/ilt-to-elearning,ILT & VILT to eLearning Conversion Services | Swift Solution,"Convert instructor-led and virtual training into engaging eLearning—storyboards, media assets, and assessments ready for LMS deployment.",ILT to eLearning conversion,"VILT conversion, training digitization"
/elearning-services/webinar-to-elearning,Webinar & Event Recordings conversion to eLearning Modules | Swift Solution,"Repurpose webinars into interactive eLearning—segment, script, animate and localize content for consistent, on-demand learning.",webinar to eLearning conversion,"event recordings conversion, webinar repurposing"
/elearning-services/game-based-elearning,Game-Based eLearning Solutions | Engaging & Interactive e-Learning Games| Swift Solution,"Level up learning with gamified modules—storylines, challenges, points and leaderboards that drive engagement and retention.",game-based eLearning,"gamification learning, serious games"
/elearning-services/translation-localization,eLearning Translation & Localization Services | Swift Solution,"Expand globally with multi-lingual eLearning—AI-powered translation, voiceover and cultural adaptation across 50+ languages.","e-learning translation and localization, multilingual e-learning, bangalore,India","localization for training, multi-language eLearning"
/elearning-services/rapid-elearning,Rapid eLearning Development with Authoring Tools | Swift Solution,"Fast-track your course production using rapid authoring tools—AI-assisted templates, SCORM compliance and quick turnaround.",rapid eLearning development,"authoring tools eLearning, quick course creation"
/elearning-solutions/on-boarding,Employee Onboarding eLearning Solutions | Swift Solution,"Accelerate new-hire readiness with structured onboarding modules—policies, culture, systems training—personalized by AI.",employee onboarding eLearning,"new hire training, onboarding solutions,onboarding solutions, employee induction training, pre-boarding programs, role-specific training"
/elearning-solutions/compliance,Online Compliance Training Courses : Multi-Lingual & Audit-Ready | Swift Solution,"Deliver dynamic, interactive compliance training that meets regulatory requirements—risk assessment, anti-bribery, sexual harassment prevention—and transforms mandatory training into engaging learning.Deliver dynamic, interactive compliance training that meets regulatory requirements—risk assessment, anti-bribery, sexual harassment prevention—and transforms mandatory training into engaging learning.",compliance training programs,"regulatory training, audit-ready eLearning"
/elearning-solutions/sales-enablement,Sales Enablement & Product Training eLearning | Swift Solution,"Equip sales teams with product knowledge, pitch skills and microlearning modules—AI-driven personalization and analytics.",sales enablement eLearning,"sales enablement e-learning, product knowledge training, sales process training, CRM training"
/elearning-consultancy/lms-implementation,LMS Implementation & Integration Services | Swift Solution,"Deploy and customiz LMS with our certified implementation team—installation, theme development, plugin integration, migration, hosting, training and support for a seamless learning platform.",LMS implementation services,"LMS integration, learning management system setup"
/elearning-consultancy/instructional-design,"Instructional Design Consulting ,  Professional eLearning Design| Swift Solution","Expert instructional design services—learner analysis, curriculum design, storyboards and prototyping for high-impact learning.",instructional design consulting,"eLearning storyboarding, curriculum design,, learner-centered design, interactive learning, assessment design"
/about-us,"Top elearning company  based out of Bangalore,India","Learn about Swift Solution’s 25+ years of leadership in AI-powered e-learning—our journey, values, leadership team and how our domain expertise, AI transformation and ethical practices set us apart in Bangalore.","about Swift Solution, AI-powered corporate training","e-learning company history, leadership team, corporate training Bangalore, company values"
/contact,"Contact Swift Solution for Custom eLearning solutions,Bengaluru,India","Get in touch for a free consultation on your eLearning project—custom design, AI integration and support.","Swift Solution, training consultation, AI eLearning consultation, corporate training contact","Swift Solution, training consultation, AI eLearning consultation, corporate training contact"
/awards,,,,
/case-studies,eLearning Case Studies & Success Stories | Swift Solution,"Explore real client case studies showcasing improved performance, cost savings and engagement through AI-powered eLearning.",elearning case studies,"success stories, client results"
/blog,Insights & Blog: eLearning Trends & Best Practices | Swift Solution,"Stay updated with articles on AI in learning, instructional design, microlearning, compliance, and more.",elearning blog,"corporate training tips, microlearning insights, video training tips, compliance learning blog"
/privacy-policy,,,,
